User_Id,Full_Name,Age,Email,Password
1,Corey Bloxsom,20,cbloxsom0@vkontakte.ru,"zO5""~7?s4}"
2,Koo Houtby,21,khoutby1@mac.com,jV4<@8~K
3,Haydon Coldrick,23,hcoldrick2@miitbeian.gov.cn,pY1~VsZ)8!Exp~x!
4,Carlin Mohun,21,cmohun3@usgs.gov,wQ3_g4=H%tjC\
5,Ilise Book,20,ibook4@ameblo.jp,qK4#&WsyAT$te!Pf
6,Curran Withringten,18,cwithringten5@a8.net,xX1/I28c{(wA(~
7,Babette oldey,39,boldey6@google.co.jp,kP0=o(GTZIMFd4.b
8,Horace Behnen,40,hbehnen7@zimbio.com,nW3*(rKPmi
9,Isak Whitney,38,iwhitney8@parallels.com,oD5_A.)`
10,Donalt Mollen,39,dmollen9@google.ru,kL0{`ThOfQdF'
11,Odo Gowdridge,20,ogowdridgea@smugmug.com,"jS4,~7*)fR"
12,Britt Hymas,37,bhymasb@netlog.com,eU8}nhFsU?.
13,Dulcine Ackland,18,dacklandc@icio.us,"cA9,e1F'"
14,Gail Stodd,26,gstoddd@imgur.com,mC0.Y%6_|
15,Jarrad Scurman,34,jscurmane@barnesandnoble.com,"hO2""U%OJ=?GED.C?"
16,Addison Hirth,40,ahirthf@dailymail.co.uk,sN9!m{PR>2DYp6
17,Blythe Exroll,31,bexrollg@mozilla.com,aQ4}t1nNewkg
18,Ralf Arkwright,39,rarkwrighth@eventbrite.com,"rN9""<.jlCI=pUw"
19,Rozelle Haith,26,rhaithi@networkadvertising.org,"oK3,RqQf"
20,Saxe Tibbles,30,stibblesj@clickbank.net,jM3/WNXEWsxP2m3e
21,Courtenay Priden,30,cpridenk@ow.ly,yM1&6i+x0
22,Ernestine Dyhouse,25,edyhousel@scribd.com,iO4.mcFRUJw2Ep
23,Reidar McCrachen,37,rmccrachenm@weather.com,rY6>/6`y
24,Antonietta Eardley,36,aeardleyn@last.fm,kL3}lk%'Mm<?Rh>Z
25,Barnaby Impey,40,bimpeyo@cyberchimps.com,"cV3/j,GY+sci"""
26,Klemens Tilson,38,ktilsonp@pagesperso-orange.fr,mZ9&B+SvpEmt\Uv
27,Geoff Harman,22,gharmanq@kickstarter.com,"qQ5{YH*}""Qi@"
28,Julianna Moreland,38,jmorelandr@rediff.com,jX2%pOEeFEj
29,Tamara Gladdor,34,tgladdors@netlog.com,sG3$f#M3yYTet'
30,Husein Pull,30,hpullt@qq.com,dA7+q)k1D6/2
31,Jayme Baillie,26,jbaillieu@ezinearticles.com,mX3@<G1|k@tJ
32,Emmye Stimson,34,estimsonv@wufoo.com,lG9}33x~?QFUI0$
33,Alice Reckus,24,areckusw@istockphoto.com,sL1_O1m_
34,Giana Yates,31,gyatesx@irs.gov,dL7\F0kem1o_
35,Claribel Clemence,24,cclemencey@shinystat.com,eV1|AEnP
36,Fay Bordes,20,fbordesz@stanford.edu,"nN6`'NIwhp0R}g""{"
37,Max Tessier,21,mtessier10@columbia.edu,wO3/=P{D(I
38,Midge Clendennen,26,mclendennen11@clickbank.net,aU9'mn*e#66l%e
39,Gilles Mattiato,32,gmattiato12@fotki.com,"cT0,*X0C(w"
40,Oates Normabell,27,onormabell13@facebook.com,fY1%.@SIVq
41,Mignonne Marcq,24,mmarcq14@mapy.cz,vH5&oypQz>a
42,Zilvia Cud,37,zcud15@homestead.com,lA9.$z*IZbu<b/}{
43,Cate Darbon,33,cdarbon16@cdc.gov,uF2\8WqHUw
44,Andrus Yarrall,21,ayarrall17@google.ru,eE6*SFoJN
45,Ford Turnell,25,fturnell18@example.com,lD3/{?VvEG
46,Saree Beves,38,sbeves19@miibeian.gov.cn,wA7%9nVGc!MV
47,Dennis Headly,31,dheadly1a@go.com,"nF0,""`?LtH"
48,Codee Arkill,35,carkill1b@xrea.com,dG0+TP4r|5
49,Buiron Middell,24,bmiddell1c@un.org,xQ3'E%A!\y1nsOM
50,Damiano Llewellyn,19,dllewellyn1d@amazon.de,sZ0=1~K)a!g
51,Bunni Hotson,29,bhotson1e@issuu.com,iU7}1O_T2
52,Frederigo Kingsly,18,fkingsly1f@addthis.com,hG6<VLed=B>+1
53,Datha Phizackerly,28,dphizackerly1g@hatena.ne.jp,tO5}TNZ?FCw?*`?
54,Addy Greswell,31,agreswell1h@sphinn.com,eK8!i\/2+NR
55,Odetta Gierek,19,ogierek1i@printfriendly.com,jI2_&t#f2
56,Avivah Costley,18,acostley1j@deliciousdays.com,"nA2""!Qxy9"
57,Desdemona Andreasen,21,dandreasen1k@dot.gov,xG0~JLY.ft)(Z93z
58,Anton Farrington,21,afarrington1l@yelp.com,nI6*)>Ku1dhl
59,Fee Pruvost,26,fpruvost1m@microsoft.com,"oF4|9Z?K1s""<x6"
60,Becca Humblestone,25,bhumblestone1n@fastcompany.com,yB6@zIG=YL
61,Ethelbert Gurnell,23,egurnell1o@opera.com,"xP8\,P=%lg~"
62,Rhody Delle,36,rdelle1p@unc.edu,xO4~W?Z\n\
63,Nikolos Soule,35,nsoule1q@mtv.com,tI8#8q`CS
64,Deny Gartenfeld,38,dgartenfeld1r@marketwatch.com,hD1!SB2r
65,Wilt Petrov,22,wpetrov1s@homestead.com,aJ2?h>~{A=8`
66,Aggie Konke,33,akonke1t@instagram.com,qD5$hi=&
67,Merle Berlin,25,mberlin1u@twitter.com,rG4{4o*rr8E
68,Shawn Dower,37,sdower1v@si.edu,kJ1+#*XT?l.i
69,Genevra Rous,24,grous1w@yale.edu,tT5$dWEz`
70,Shirley Cobelli,21,scobelli1x@google.com,hK0$Y~m73q{{NRg
71,Wallis Leuchars,39,wleuchars1y@apache.org,uG5!9dFCd(|aNH
72,Berty Fullard,19,bfullard1z@cnet.com,pG4|6hO!Xs
73,Joan Hawtrey,29,jhawtrey20@go.com,rF4|7`|iJD4
74,Evania Tweedle,30,etweedle21@about.com,yX1+1gZl`3.ZB
75,Jefferey Judron,19,jjudron22@barnesandnoble.com,bP2=(x7))z19*x`0
76,Mikol Beszant,19,mbeszant23@slashdot.org,zP4~\{LvO*=b!
77,Dorothee Woolatt,34,dwoolatt24@engadget.com,sB4~w3YEq
78,Armin McGown,22,amcgown25@cloudflare.com,tT4&{XCjFq1
79,Herschel Dood,31,hdood26@va.gov,eT4&!DO<
80,Donica Ginnell,32,dginnell27@go.com,qV3|7lapP~{d%6A
81,Kathlin Yielding,29,kyielding28@seattletimes.com,kR6`RqSk@
82,Erastus Errol,24,eerrol29@altervista.org,yT8<G$(jQk
83,Salvatore Blinkhorn,32,sblinkhorn2a@utexas.edu,"nD9.,!d&GxiDoG("
84,Lucille Aylesbury,35,laylesbury2b@vinaora.com,aL2_0&xJ`NMw'$/O
85,Ximenez Dinning,31,xdinning2c@posterous.com,"gK7,+dD$d"
86,Leicester Jockle,32,ljockle2d@nature.com,gL1?~W\sL4r0|
87,Rivkah Demko,30,rdemko2e@wikia.com,"xN7<x?G""@F>"
88,Atalanta Eplett,27,aeplett2f@engadget.com,cX8+YSK*6'L
89,Andrei Kryszka,35,akryszka2g@yahoo.co.jp,gS0$~Jqe
90,Sarette Cardoo,29,scardoo2h@si.edu,rP8_7~i'k`(dc$>K
91,Wynn Andrieux,32,wandrieux2i@simplemachines.org,tO5%OzB\3kIG9
92,Shelbi Mantrip,39,smantrip2j@rambler.ru,lN4_.XqBh
93,Danny Livings,18,dlivings2k@hp.com,"pY1""I%Di_PEiKU"
94,Peyter Geany,34,pgeany2l@reuters.com,kN5'xmEm4*i6G\jD
95,Pryce Nadin,27,pnadin2m@purevolume.com,rC6%ydaQ
96,Hyatt Kimpton,19,hkimpton2n@vimeo.com,lH8<{0bL
97,Josephine Cancott,38,jcancott2o@cdc.gov,bH9&r1PZ9%h1
98,Ina McKennan,28,imckennan2p@nsw.gov.au,"eR4!F"".EiTh7D"
99,Essa Iannuzzelli,33,eiannuzzelli2q@prlog.org,eO3*C8U>3'
100,Peter Wiszniewski,28,pwiszniewski2r@etsy.com,bJ9_+ajuUj`zS
101,Solomon Lochran,39,slochran2s@economist.com,fI7}B>8XZpL9T+Y
102,Hilda Stedall,21,hstedall2t@comsenz.com,uE2_t%'9
103,Curtis Colclough,30,ccolclough2u@wordpress.com,"uP7?J,6Q"
104,Fern Durban,27,fdurban2v@studiopress.com,bJ1&>zz1epW'
105,Esmeralda Forster,37,eforster2w@google.fr,rK7#Lwdr8+A.
106,Cara Keneleyside,32,ckeneleyside2x@so-net.ne.jp,kT3#DVyrkOpfq
107,Kean Schultz,24,kschultz2y@twitter.com,fB9<R%<Kj\N
108,Honoria Hebson,33,hhebson2z@intel.com,pR0_\VzWz6'M}i6z
109,Tamiko Girardez,18,tgirardez30@army.mil,uI0(.3ckx(jc1``
110,Maryl Abthorpe,39,mabthorpe31@columbia.edu,vO8!F1cm
111,Queenie Duplock,38,qduplock32@senate.gov,eP6{Xna>v~z/\WID
112,Krisha Barkes,18,kbarkes33@microsoft.com,"tB4)$3)O,&3"
113,Bard Adam,38,badam34@telegraph.co.uk,"hU3""~+jjR"
114,Sella Luxton,39,sluxton35@google.com.hk,tZ6@AVFvk4*!
115,Corry Twitchett,26,ctwitchett36@squidoo.com,aQ6<+D8qwSiM?
116,Othelia Beaven,23,obeaven37@desdev.cn,tF0&x0UzM
117,Audre O'Doran,30,aodoran38@hc360.com,aF5>g&0~adtW
118,Lothaire Faire,32,lfaire39@xing.com,gV5$Kk~k/#y4d=uH
119,Casi Bosson,25,cbosson3a@newsvine.com,"cK2$""3R*`wm"
120,Jonah Duhig,32,jduhig3b@sina.com.cn,vZ9%AQb5p&b327
121,Modestine Batey,35,mbatey3c@dedecms.com,tV7|}t6#b
122,Barnett Surgener,24,bsurgener3d@admin.ch,nS4~ujj6zp_%JVs
123,Ed Hallowell,32,ehallowell3e@networksolutions.com,aI4@|Mjer>
124,Herc Nosworthy,22,hnosworthy3f@blinklist.com,wJ9.gaxgBw25FPY
125,Malachi Tremayne,24,mtremayne3g@creativecommons.org,kG3$ml2N}7T_l)2
126,Mordecai Crolla,32,mcrolla3h@ameblo.jp,"tH1&ZQw8,Dwd~j"
127,Magdalen Kloster,38,mkloster3i@php.net,iY0&>#?>Op!eZ!f
128,Sallyanne Wasmuth,28,swasmuth3j@icq.com,aX9+8iAtRT}
129,Herman Shiels,29,hshiels3k@cpanel.net,aT8<Ci(nu|v
130,Ode Squibb,27,osquibb3l@usda.gov,xW3!}&m#h
131,Estrellita Haylock,21,ehaylock3m@shop-pro.jp,rQ4)B_2DGmlyEGNj
132,Annadiane Jeram,31,ajeram3n@amazon.co.jp,qL7%zU!5mf=wT|q2
133,Berny Cosgry,29,bcosgry3o@about.com,qG3=u0G8L(O*FG#D
134,Cecil Casswell,27,ccasswell3p@google.co.uk,rH3~u`C'ixjN
135,Savina Gurton,22,sgurton3q@ca.gov,gM6+6A5i#<ba
136,Bellanca Sholl,35,bsholl3r@sphinn.com,nL3@LZb4nfmv{
137,Padget Brackenridge,28,pbrackenridge3s@youtube.com,pE1$W{WY3PxPsQ
138,Merrili Jacox,25,mjacox3t@digg.com,cZ7{J0hZ}z
139,Maurita Mattedi,33,mmattedi3u@storify.com,kO1_NK/amlUI`@xT
140,Diana Cotton,25,dcotton3v@dailymail.co.uk,pQ3=YlVm%s5&aKXa
141,Horst Giraudy,34,hgiraudy3w@patch.com,uP0(Rrunr7w
142,Rochelle Deverock,29,rdeverock3x@is.gd,eL4=MK8EsaHMw
143,Devonne Handrock,25,dhandrock3y@biglobe.ne.jp,iG0'$3*i
144,Dede Bench,18,dbench3z@networkadvertising.org,gE7*)/*&&0H'
145,Mikaela Bartles,37,mbartles40@clickbank.net,kJ3`}Z.Nr+X+78
146,Windy Darling,38,wdarling41@accuweather.com,tK4{K+wCY=I
147,Caren Meffin,18,cmeffin42@facebook.com,dR4\!>tIr#1uHm
148,Bil Sturge,33,bsturge43@imageshack.us,"tM6'Fo|,2)LL"
149,Vic Giametti,30,vgiametti44@fda.gov,"rE9|/$""!`y&{I9L"
150,Anthe Backs,40,abacks45@princeton.edu,gI8)/gHNJ~m#|MF
151,Melvin Ingre,36,mingre46@delicious.com,hD6\|DQ/ejHcU5
152,Zulema Ossipenko,25,zossipenko47@cdbaby.com,eB7=5C2D'Q
153,Staci Champley,39,schampley48@taobao.com,fY2\o10@\?KIa
154,Janene Golling,31,jgolling49@t.co,qH2%4=wq
155,Nicolette Andrioni,37,nandrioni4a@booking.com,qZ6.QPDLJggC
156,Consolata Hundal,31,chundal4b@washington.edu,bU2=YWlq2n9XK
157,Suellen Wloch,28,swloch4c@cocolog-nifty.com,bG5@0A#v|pa#os
158,Lorie Dressel,23,ldressel4d@opera.com,hW0\ec#n0F4Y(i?
159,Standford Hubatsch,20,shubatsch4e@google.fr,hK4\Xjm+#Fx
160,Sadie Whittleton,36,swhittleton4f@edublogs.org,lZ1@47+~up%cUq
161,Juliann Proske,33,jproske4g@themeforest.net,hJ1%Zk3MG
162,Romola Gofford,25,rgofford4h@furl.net,eU4@wkgfq
163,Ase Izhakov,40,aizhakov4i@dailymail.co.uk,"aP0""'Kc|z"
164,Lauritz MacFadin,19,lmacfadin4j@1688.com,gU3.rG(_d19+
165,Harwilll Edensor,23,hedensor4k@bluehost.com,"qY9,YUxJW"
166,Joanna Ferreira,26,jferreira4l@abc.net.au,pS4_cG>eY2
167,Frieda Knudsen,19,fknudsen4m@altervista.org,yT9}1Qu1A`c\9ku
168,Rodd Krause,38,rkrause4n@bluehost.com,eP2&?t16
169,Madge Yurocjkin,18,myurocjkin4o@craigslist.org,dN8>v1{>f.kt
170,Wade Christensen,19,wchristensen4p@wordpress.com,yU8\}#Pid>.ie
171,Rozamond Kezourec,33,rkezourec4q@salon.com,aK7+?/T)&hw5(
172,Veda Bricket,34,vbricket4r@storify.com,lQ2)}@fcC'5$d
173,Wynne Crossgrove,29,wcrossgrove4s@homestead.com,"uG3""rSMq<o)*."
174,Manolo Malafe,32,mmalafe4t@smh.com.au,"nX3),_f"""
175,Fredia Blacket,36,fblacket4u@naver.com,"hV3{""2e&vD|"
176,Karol Semrad,31,ksemrad4v@bizjournals.com,rQ6@2Z8G&znLS0?
177,Aryn Rawood,35,arawood4w@wikipedia.org,zR7*Qv)3)~@8EQ
178,Stanislaw Bonnavant,33,sbonnavant4x@posterous.com,"fC3%|(E@R7%""3J"
179,Shaughn Swinley,27,sswinley4y@mapy.cz,fF2!bU<Aw`bZ=V
180,Antonino Pasek,24,apasek4z@hatena.ne.jp,"xV4.""yXa0ik2lFX?"
181,Vivia Turbill,29,vturbill50@t-online.de,oD8!`TujR
182,Ase Skipworth,34,askipworth51@berkeley.edu,nF0`0ho`k&*3(W$
183,Uri Abramin,37,uabramin52@xinhuanet.com,dT5&9}sJ
184,Candace Flay,30,cflay53@twitpic.com,cU4&gv1SRN$p}+h
185,Joletta Gert,33,jgert54@time.com,kK5%vew(h0
186,Abbey Babe,28,ababe55@youku.com,"vJ3&qW,|7+k"
187,Sherill Watterson,25,swatterson56@go.com,bR1@/)okXk
188,Celestia Vela,37,cvela57@netscape.com,eA5/AeUl_
189,Weber Luno,21,wluno58@tumblr.com,fU7$n`6(fBM
190,Verne Cromleholme,18,vcromleholme59@theguardian.com,nX1=X}<qZCz
191,Layne Waything,32,lwaything5a@stumbleupon.com,dS2*ZDWe
192,Boyce Moller,37,bmoller5b@kickstarter.com,jN5>DIi_){)j0C9f
193,Chariot Limon,20,climon5c@exblog.jp,oB4$_e'L+'qqAx
194,Shem Martschik,31,smartschik5d@miitbeian.gov.cn,oW9$F>_osqT
195,Redford Lobe,29,rlobe5e@livejournal.com,oA6/@5>wI+
196,Nonna Cardillo,28,ncardillo5f@blogtalkradio.com,fW1#gUv9ouyO\hl
197,Thornie Donnison,27,tdonnison5g@dropbox.com,rV8'l'apfo
198,Neila Bessey,26,nbessey5h@lycos.com,nA6)l|vNI
199,Kenny Brelsford,18,kbrelsford5i@google.com.br,dT2/Pf4UCPD
200,Tiena Willavize,34,twillavize5j@europa.eu,aY4!iA@R.&3EY8H
201,Jennica Memmory,21,jmemmory5k@mac.com,"qM5&6%t$""*k"
202,Tremaine Becker,21,tbecker5l@europa.eu,iT3%MLG.8~&Fe
203,Pat Cuppitt,24,pcuppitt5m@ning.com,"aF9*cY""U6a"
204,Eleonore Buston,21,ebuston5n@washingtonpost.com,qP4_cPe\6$
205,Barbara-anne Gear,24,bgear5o@sphinn.com,"bK4%vg,Q"
206,Brittan Joyson,30,bjoyson5p@virginia.edu,zA3{M?aD)g1
207,Branden Kidson,20,bkidson5q@cloudflare.com,bE5(c`I2$}
208,Wright Fleischmann,27,wfleischmann5r@etsy.com,iE1+7H`cY$iXo6
209,Marwin McGuiney,19,mmcguiney5s@imageshack.us,kR2#G2z_5aGti
210,Niko MacGille,18,nmacgille5t@edublogs.org,dM2~{RY$vJ)ra?
211,Silas Hamshaw,22,shamshaw5u@virginia.edu,vE4'qzJZYiIlz5
212,Hildy Amort,28,hamort5v@economist.com,iX2!Du>g{XsCeEy3
213,Dara Johannesson,20,djohannesson5w@zimbio.com,nP8#jLrDD3
214,Hershel McNair,30,hmcnair5x@dagondesign.com,uT8/XOzv}SlK
215,Ranique Cassey,23,rcassey5y@tiny.cc,dW1>pNi?CW>7
216,Mari Spurden,28,mspurden5z@cbslocal.com,uD0<_}6}6
217,Nannette Paolino,20,npaolino60@ucoz.com,aI4}R74.+
218,Anett Stiger,29,astiger61@dropbox.com,"sD0""!q!q%Tj=9*T"
219,Marian Vardon,24,mvardon62@sakura.ne.jp,"oC5""PZE3|"
220,Stanislaus Shoulders,23,sshoulders63@ezinearticles.com,uB6'Uy#i)I
221,Felisha Silbert,30,fsilbert64@vistaprint.com,yD8)>%yRAFtD
222,Alfy Pogue,30,apogue65@psu.edu,"mG5,*_b>Ch8o.)W"
223,Lawton Ondracek,20,londracek66@nifty.com,zX1|MY2}
224,Marie Hayhoe,28,mhayhoe67@sphinn.com,oJ8{Rk$V%
225,Fay Halse,19,fhalse68@sogou.com,cK2?HaIGn
226,Danna Latimer,23,dlatimer69@t-online.de,"aR9""'{9l"
227,Myrah Coultous,25,mcoultous6a@bluehost.com,hP9$D)4w+#mY6v
228,Raimondo Eller,18,reller6b@washingtonpost.com,xL4?D+sPH
229,Trudey Farn,20,tfarn6c@ucoz.ru,kP7!t%)7_auPVc
230,Morganica Peaden,20,mpeaden6d@slashdot.org,qB7>f0&B=Ht~BeN
231,Issie Halegarth,28,ihalegarth6e@indiatimes.com,cN1/+s+iu|?~
232,Tim Gover,30,tgover6f@smh.com.au,fP8/8@`.i%|q
233,Gayler Fison,23,gfison6g@java.com,nB5=s)H@1hy*
234,Eadmund Button,27,ebutton6h@wiley.com,"fU2{""/Vs$_|b"
235,Alisa Vater,18,avater6i@goo.ne.jp,tN8>zL\WttEWKIa
236,Drusie Beslier,23,dbeslier6j@cbslocal.com,zY9\)t3/nTW0N
237,Marie-ann Adnet,20,madnet6k@foxnews.com,lI1=2o79.e++U
238,Marketa Hughill,30,mhughill6l@blogger.com,fR5|2'NorN\
239,Nicol Albany,23,nalbany6m@patch.com,"kP6""r%@m9B`@jg7V"
240,Aili Bythell,22,abythell6n@ucoz.ru,bS3*x<)JGkW
241,Trever Imlaw,20,timlaw6o@blogger.com,aP0/mw>9&G
242,Waite Jewiss,20,wjewiss6p@un.org,"wS7>=j`""yjVM"
243,Claude Batrop,20,cbatrop6q@tiny.cc,kX9>Vj2*eXb
244,Lorianne Champagne,27,lchampagne6r@fotki.com,jV4`P/`l!d0VN
245,Cariotta Gimblett,27,cgimblett6s@symantec.com,tJ9$b}w<T7fytZ=L
246,Ingelbert Ingold,28,iingold6t@wikimedia.org,lK5+l3'jj{PQM
247,Phebe Fleetham,28,pfleetham6u@fda.gov,aE1/t0\o.X
248,Guglielma Cheng,29,gcheng6v@hexun.com,"yX9""ys&dC>ITFZUM"
249,Bronson Bloxland,19,bbloxland6w@shareasale.com,yK7+x(I?(_Uf
250,Cindie Deerr,27,cdeerr6x@amazon.co.jp,mN7%xbAD}?|2n5v
251,Sue Dorset,29,sdorset6y@ca.gov,eJ5|{WIFRGXU##
252,Rourke Trynor,30,rtrynor6z@ycombinator.com,tW3\Z_$225
253,Cyndia Basini-Gazzi,34,cbasinigazzi70@wsj.com,eG6}$M'kUVlm\@4y
254,Hannis Mil,34,hmil71@blogs.com,rL7*Nvi5TOoZ
255,Carrol Lapere,30,clapere72@yale.edu,dY7}}iIf
256,Shirley Vaughn,39,svaughn73@yale.edu,"eA9,%B/4'"
257,Anthea Meagher,25,ameagher74@ebay.com,rS4\/%/KQqO
258,Carline Pepis,38,cpepis75@exblog.jp,rR0{p/8v~z
259,Giuseppe Babar,27,gbabar76@example.com,vV1+wk#sY=X#Z
260,Ker Bigmore,33,kbigmore77@bandcamp.com,"dP5(FFxp6F}0""l"
261,Theadora Swinbourne,38,tswinbourne78@bizjournals.com,pH4<ks)4$zln
262,Odey Rushbrook,38,orushbrook79@angelfire.com,hN2_BdE?hV
263,Ringo Goaks,27,rgoaks7a@hexun.com,oR6>XeB|e59.Fuo>
264,Gale Bottle,37,gbottle7b@trellian.com,"dM0,)y\<YQ}O*m}="
265,Gelya M'Chirrie,30,gmchirrie7c@upenn.edu,yS5~wlTt`8=y4
266,Chloette Mathivat,32,cmathivat7d@cloudflare.com,"gW3.GR,J\sw"
267,Almire Stanlack,31,astanlack7e@purevolume.com,kZ2$Pa.=0X
268,Murry Gheeorghie,32,mgheeorghie7f@joomla.org,nF3(_Gsa
269,Kendell Erswell,36,kerswell7g@imgur.com,cZ2>sXO)
270,Linus Riddall,25,lriddall7h@jiathis.com,eR3&F/UCZR#pn~{
271,Hirsch Rosenblatt,37,hrosenblatt7i@ifeng.com,yR9+zkJd#BbSE
272,Madella Bicker,30,mbicker7j@phpbb.com,"mS4""c/<=j/pTX"
273,Pris Melmar,33,pmelmar7k@yahoo.co.jp,zM9<Ebb7C{q9N)
274,Helsa Mycroft,38,hmycroft7l@unc.edu,gD7&{arK@
275,Vivi Christofe,34,vchristofe7m@opera.com,mY1_vM/a
276,Pooh Roskell,39,proskell7n@msn.com,jI1&Q}h&#g
277,Eleanore Curror,29,ecurror7o@psu.edu,"dF1_!O""/6C!"
278,Tiff Robjohns,40,trobjohns7p@constantcontact.com,uG0+xSx8aIRcZok
279,Elston Maneylaws,28,emaneylaws7q@squarespace.com,mU5_zOL'~Bp
280,Bran Nerger,40,bnerger7r@answers.com,gF5#$AI|m(K\yjZv
281,Rochell Loder,30,rloder7s@sphinn.com,"iM7(,!25Bo"
282,Abby Belfelt,39,abelfelt7t@tripadvisor.com,fS1)z`4m
283,Trevar Newlands,37,tnewlands7u@ftc.gov,"pJ9|hp1t/X&9Zg""Q"
284,Wilma Wermerling,29,wwermerling7v@51.la,"mO3,250|+hM8,"
285,Tamarah Monteaux,29,tmonteaux7w@geocities.jp,jH9?f2rg
286,Arni Scarrott,35,ascarrott7x@loc.gov,jJ0)/?0bS7%x
287,Babb Horwell,27,bhorwell7y@uiuc.edu,tK2>ba>yZ1PI7q}
288,Shandy Kohrt,30,skohrt7z@rambler.ru,"wG2_""3zC'grHbP&z"
289,Danya Shalloo,35,dshalloo80@gnu.org,wD9_zTod
290,Derry Southcomb,34,dsouthcomb81@bravesites.com,dH5((/uo
291,Leigh Waugh,25,lwaugh82@a8.net,oA2'+kJ%CJ.AM
292,Mickie Athelstan,29,mathelstan83@eepurl.com,hJ0.1mun1XQTt
293,Serene Edgington,34,sedgington84@163.com,mW8$kKM<H@k5dpF
294,Sibbie Alecock,28,salecock85@bloglovin.com,pK0!%S/&E
295,Filip Wreford,31,fwreford86@ameblo.jp,yS5\xOL'($
296,Gaye Sopper,31,gsopper87@samsung.com,wV2~B_#fQ3iZ\skK
297,Rockey Bruckstein,39,rbruckstein88@cnet.com,jR9>!r2C*SR
298,Noland Jopke,38,njopke89@dmoz.org,"tZ7{J=,Z)M?x,=#q"
299,Catie Clyant,27,cclyant8a@drupal.org,uX7/q_*HY~NW
300,Tania Tearney,26,ttearney8b@google.com.hk,zP5_|#k6)
